id,target
boostcamp-sts-v1-test-000,3.83915638923645
boostcamp-sts-v1-test-001,4.588503837585449
boostcamp-sts-v1-test-002,2.2534432411193848
boostcamp-sts-v1-test-003,0.14845453202724457
boostcamp-sts-v1-test-004,3.7480103969573975
boostcamp-sts-v1-test-005,3.4538230895996094
boostcamp-sts-v1-test-006,4.195259094238281
boostcamp-sts-v1-test-007,1.3755666017532349
boostcamp-sts-v1-test-008,0.4000674784183502
boostcamp-sts-v1-test-009,4.663963794708252
boostcamp-sts-v1-test-010,2.3136818408966064
boostcamp-sts-v1-test-011,2.8521816730499268
boostcamp-sts-v1-test-012,4.1008172035217285
boostcamp-sts-v1-test-013,2.495272397994995
boostcamp-sts-v1-test-014,1.2910144329071045
boostcamp-sts-v1-test-015,4.401366233825684
boostcamp-sts-v1-test-016,5.273515701293945
boostcamp-sts-v1-test-017,2.167325735092163
boostcamp-sts-v1-test-018,5.229628086090088
boostcamp-sts-v1-test-019,4.4997477531433105
boostcamp-sts-v1-test-020,3.307404041290283
boostcamp-sts-v1-test-021,2.42549991607666
boostcamp-sts-v1-test-022,2.1670825481414795
boostcamp-sts-v1-test-023,1.2937411069869995
boostcamp-sts-v1-test-024,1.7919297218322754
boostcamp-sts-v1-test-025,2.144484281539917
boostcamp-sts-v1-test-026,1.1845595836639404
boostcamp-sts-v1-test-027,1.3742091655731201
boostcamp-sts-v1-test-028,4.156590461730957
boostcamp-sts-v1-test-029,3.429939031600952
boostcamp-sts-v1-test-030,4.434390544891357
boostcamp-sts-v1-test-031,0.7240404486656189
boostcamp-sts-v1-test-032,2.4850118160247803
boostcamp-sts-v1-test-033,2.3620803356170654
boostcamp-sts-v1-test-034,2.9163105487823486
boostcamp-sts-v1-test-035,1.1098215579986572
boostcamp-sts-v1-test-036,3.5945050716400146
boostcamp-sts-v1-test-037,0.5136020183563232
boostcamp-sts-v1-test-038,2.9743776321411133
boostcamp-sts-v1-test-039,3.540018320083618
boostcamp-sts-v1-test-040,0.5654774308204651
boostcamp-sts-v1-test-041,4.137301445007324
boostcamp-sts-v1-test-042,0.5493621230125427
boostcamp-sts-v1-test-043,1.208338737487793
boostcamp-sts-v1-test-044,2.8879268169403076
boostcamp-sts-v1-test-045,5.337748050689697
boostcamp-sts-v1-test-046,2.9600119590759277
boostcamp-sts-v1-test-047,2.012061834335327
boostcamp-sts-v1-test-048,0.38882991671562195
boostcamp-sts-v1-test-049,3.8511769771575928
boostcamp-sts-v1-test-050,-0.034752365201711655
boostcamp-sts-v1-test-051,1.9802627563476562
boostcamp-sts-v1-test-052,2.412954568862915
boostcamp-sts-v1-test-053,3.4575490951538086
boostcamp-sts-v1-test-054,4.477158069610596
boostcamp-sts-v1-test-055,1.4427558183670044
boostcamp-sts-v1-test-056,3.874333620071411
boostcamp-sts-v1-test-057,1.2959697246551514
boostcamp-sts-v1-test-058,2.3842766284942627
boostcamp-sts-v1-test-059,3.852417469024658
boostcamp-sts-v1-test-060,4.456585884094238
boostcamp-sts-v1-test-061,4.0055012702941895
boostcamp-sts-v1-test-062,1.7374449968338013
boostcamp-sts-v1-test-063,1.8624294996261597
boostcamp-sts-v1-test-064,2.0936086177825928
boostcamp-sts-v1-test-065,4.023292541503906
boostcamp-sts-v1-test-066,3.6503958702087402
boostcamp-sts-v1-test-067,0.8458068370819092
boostcamp-sts-v1-test-068,2.5725491046905518
boostcamp-sts-v1-test-069,2.6873958110809326
boostcamp-sts-v1-test-070,0.9917009472846985
boostcamp-sts-v1-test-071,3.3201048374176025
boostcamp-sts-v1-test-072,5.276424884796143
boostcamp-sts-v1-test-073,4.79583215713501
boostcamp-sts-v1-test-074,-0.0444156751036644
boostcamp-sts-v1-test-075,1.9023164510726929
boostcamp-sts-v1-test-076,3.2413790225982666
boostcamp-sts-v1-test-077,2.6740715503692627
boostcamp-sts-v1-test-078,2.1290879249572754
boostcamp-sts-v1-test-079,4.145915985107422
boostcamp-sts-v1-test-080,1.4605718851089478
boostcamp-sts-v1-test-081,3.693432331085205
boostcamp-sts-v1-test-082,1.612855315208435
boostcamp-sts-v1-test-083,2.235562562942505
boostcamp-sts-v1-test-084,1.360671043395996
boostcamp-sts-v1-test-085,5.30643367767334
boostcamp-sts-v1-test-086,4.551299095153809
boostcamp-sts-v1-test-087,1.1171268224716187
boostcamp-sts-v1-test-088,4.367607116699219
boostcamp-sts-v1-test-089,3.7808120250701904
boostcamp-sts-v1-test-090,5.020649433135986
boostcamp-sts-v1-test-091,2.9134843349456787
boostcamp-sts-v1-test-092,0.4574778974056244
boostcamp-sts-v1-test-093,2.1223771572113037
boostcamp-sts-v1-test-094,4.627656936645508
boostcamp-sts-v1-test-095,1.6478221416473389
boostcamp-sts-v1-test-096,2.533987522125244
boostcamp-sts-v1-test-097,3.5513947010040283
boostcamp-sts-v1-test-098,0.7330281734466553
boostcamp-sts-v1-test-099,3.5296785831451416
boostcamp-sts-v1-test-100,1.6610785722732544
boostcamp-sts-v1-test-101,5.206233024597168
boostcamp-sts-v1-test-102,5.067510604858398
boostcamp-sts-v1-test-103,3.9583919048309326
boostcamp-sts-v1-test-104,4.257326126098633
boostcamp-sts-v1-test-105,0.4388294517993927
boostcamp-sts-v1-test-106,3.795642614364624
boostcamp-sts-v1-test-107,3.8733057975769043
boostcamp-sts-v1-test-108,2.0916333198547363
boostcamp-sts-v1-test-109,3.970346450805664
boostcamp-sts-v1-test-110,3.1552908420562744
boostcamp-sts-v1-test-111,0.2641734480857849
boostcamp-sts-v1-test-112,-0.01968870870769024
boostcamp-sts-v1-test-113,2.9132864475250244
boostcamp-sts-v1-test-114,1.0581920146942139
boostcamp-sts-v1-test-115,2.5162081718444824
boostcamp-sts-v1-test-116,0.3201349377632141
boostcamp-sts-v1-test-117,5.244976043701172
boostcamp-sts-v1-test-118,2.815004825592041
boostcamp-sts-v1-test-119,3.724123954772949
boostcamp-sts-v1-test-120,4.365353584289551
boostcamp-sts-v1-test-121,3.65403151512146
boostcamp-sts-v1-test-122,2.115164041519165
boostcamp-sts-v1-test-123,3.5063369274139404
boostcamp-sts-v1-test-124,3.5307788848876953
boostcamp-sts-v1-test-125,1.7100801467895508
boostcamp-sts-v1-test-126,4.068129539489746
boostcamp-sts-v1-test-127,5.082996368408203
boostcamp-sts-v1-test-128,4.126157760620117
boostcamp-sts-v1-test-129,5.167675018310547
boostcamp-sts-v1-test-130,3.790504217147827
boostcamp-sts-v1-test-131,4.241865158081055
boostcamp-sts-v1-test-132,4.863603115081787
boostcamp-sts-v1-test-133,3.0464236736297607
boostcamp-sts-v1-test-134,5.268680572509766
boostcamp-sts-v1-test-135,4.316559314727783
boostcamp-sts-v1-test-136,1.1901817321777344
boostcamp-sts-v1-test-137,3.943608045578003
boostcamp-sts-v1-test-138,2.640608072280884
boostcamp-sts-v1-test-139,2.3852078914642334
boostcamp-sts-v1-test-140,4.3487958908081055
boostcamp-sts-v1-test-141,1.2300503253936768
boostcamp-sts-v1-test-142,3.0483808517456055
boostcamp-sts-v1-test-143,4.347721099853516
boostcamp-sts-v1-test-144,0.8938298225402832
boostcamp-sts-v1-test-145,0.7057365775108337
boostcamp-sts-v1-test-146,0.9617505669593811
boostcamp-sts-v1-test-147,0.7468879222869873
boostcamp-sts-v1-test-148,0.8957250714302063
boostcamp-sts-v1-test-149,4.022073268890381
boostcamp-sts-v1-test-150,1.937475323677063
boostcamp-sts-v1-test-151,5.132359504699707
boostcamp-sts-v1-test-152,2.093296527862549
boostcamp-sts-v1-test-153,2.6996805667877197
boostcamp-sts-v1-test-154,1.012763261795044
boostcamp-sts-v1-test-155,0.06506607681512833
boostcamp-sts-v1-test-156,5.049482822418213
boostcamp-sts-v1-test-157,5.3008551597595215
boostcamp-sts-v1-test-158,4.797552108764648
boostcamp-sts-v1-test-159,1.6714913845062256
boostcamp-sts-v1-test-160,4.3181257247924805
boostcamp-sts-v1-test-161,0.6690752506256104
boostcamp-sts-v1-test-162,3.2573137283325195
boostcamp-sts-v1-test-163,1.6903091669082642
boostcamp-sts-v1-test-164,3.4696595668792725
boostcamp-sts-v1-test-165,5.269060134887695
boostcamp-sts-v1-test-166,1.0048226118087769
boostcamp-sts-v1-test-167,4.216460227966309
boostcamp-sts-v1-test-168,0.776006281375885
boostcamp-sts-v1-test-169,4.414026260375977
boostcamp-sts-v1-test-170,3.5260345935821533
boostcamp-sts-v1-test-171,2.6872079372406006
boostcamp-sts-v1-test-172,4.683664798736572
boostcamp-sts-v1-test-173,1.653715968132019
boostcamp-sts-v1-test-174,4.52156400680542
boostcamp-sts-v1-test-175,2.135114908218384
boostcamp-sts-v1-test-176,-0.006821352522820234
boostcamp-sts-v1-test-177,5.248109817504883
boostcamp-sts-v1-test-178,1.7207080125808716
boostcamp-sts-v1-test-179,4.032072067260742
boostcamp-sts-v1-test-180,2.7367520332336426
boostcamp-sts-v1-test-181,2.9700167179107666
boostcamp-sts-v1-test-182,2.1517844200134277
boostcamp-sts-v1-test-183,0.7497543096542358
boostcamp-sts-v1-test-184,2.8257462978363037
boostcamp-sts-v1-test-185,4.784773349761963
boostcamp-sts-v1-test-186,2.996009588241577
boostcamp-sts-v1-test-187,4.236291885375977
boostcamp-sts-v1-test-188,-0.009385893121361732
boostcamp-sts-v1-test-189,3.639345407485962
boostcamp-sts-v1-test-190,2.674483060836792
boostcamp-sts-v1-test-191,0.9407267570495605
boostcamp-sts-v1-test-192,1.2844595909118652
boostcamp-sts-v1-test-193,2.297591209411621
boostcamp-sts-v1-test-194,2.2690837383270264
boostcamp-sts-v1-test-195,1.3129199743270874
boostcamp-sts-v1-test-196,1.4103718996047974
boostcamp-sts-v1-test-197,4.2517194747924805
boostcamp-sts-v1-test-198,4.09617805480957
boostcamp-sts-v1-test-199,0.9683274030685425
boostcamp-sts-v1-test-200,3.4258663654327393
boostcamp-sts-v1-test-201,3.816580057144165
boostcamp-sts-v1-test-202,4.806499481201172
boostcamp-sts-v1-test-203,0.316816508769989
boostcamp-sts-v1-test-204,2.1512959003448486
boostcamp-sts-v1-test-205,2.4903204441070557
boostcamp-sts-v1-test-206,1.9494236707687378
boostcamp-sts-v1-test-207,1.9106924533843994
boostcamp-sts-v1-test-208,0.8884771466255188
boostcamp-sts-v1-test-209,3.1435599327087402
boostcamp-sts-v1-test-210,1.6900277137756348
boostcamp-sts-v1-test-211,2.915198802947998
boostcamp-sts-v1-test-212,1.225309133529663
boostcamp-sts-v1-test-213,1.0248221158981323
boostcamp-sts-v1-test-214,4.583427906036377
boostcamp-sts-v1-test-215,3.928027868270874
boostcamp-sts-v1-test-216,3.949169397354126
boostcamp-sts-v1-test-217,2.273855447769165
boostcamp-sts-v1-test-218,1.9071696996688843
boostcamp-sts-v1-test-219,0.575623631477356
boostcamp-sts-v1-test-220,3.9409306049346924
boostcamp-sts-v1-test-221,3.653883218765259
boostcamp-sts-v1-test-222,4.36440372467041
boostcamp-sts-v1-test-223,3.4676334857940674
boostcamp-sts-v1-test-224,4.536983966827393
boostcamp-sts-v1-test-225,4.035201549530029
boostcamp-sts-v1-test-226,4.180683135986328
boostcamp-sts-v1-test-227,3.0543553829193115
boostcamp-sts-v1-test-228,2.9621472358703613
boostcamp-sts-v1-test-229,-0.030856585130095482
boostcamp-sts-v1-test-230,1.5187453031539917
boostcamp-sts-v1-test-231,1.3499947786331177
boostcamp-sts-v1-test-232,3.7811267375946045
boostcamp-sts-v1-test-233,1.4276036024093628
boostcamp-sts-v1-test-234,-0.026736682280898094
boostcamp-sts-v1-test-235,2.7544333934783936
boostcamp-sts-v1-test-236,2.538545846939087
boostcamp-sts-v1-test-237,2.2617318630218506
boostcamp-sts-v1-test-238,2.97320818901062
boostcamp-sts-v1-test-239,2.2459826469421387
boostcamp-sts-v1-test-240,1.4110125303268433
boostcamp-sts-v1-test-241,1.2509336471557617
boostcamp-sts-v1-test-242,0.4563215374946594
boostcamp-sts-v1-test-243,5.004201412200928
boostcamp-sts-v1-test-244,1.3917484283447266
boostcamp-sts-v1-test-245,4.350656509399414
boostcamp-sts-v1-test-246,3.1879055500030518
boostcamp-sts-v1-test-247,4.129310607910156
boostcamp-sts-v1-test-248,4.428597450256348
boostcamp-sts-v1-test-249,4.351910591125488
boostcamp-sts-v1-test-250,0.7962877750396729
boostcamp-sts-v1-test-251,1.205262541770935
boostcamp-sts-v1-test-252,0.03651140630245209
boostcamp-sts-v1-test-253,3.74088978767395
boostcamp-sts-v1-test-254,3.0691981315612793
boostcamp-sts-v1-test-255,5.047303676605225
boostcamp-sts-v1-test-256,3.836729049682617
boostcamp-sts-v1-test-257,1.4050158262252808
boostcamp-sts-v1-test-258,4.370580673217773
boostcamp-sts-v1-test-259,3.2103168964385986
boostcamp-sts-v1-test-260,4.8432159423828125
boostcamp-sts-v1-test-261,4.511240005493164
boostcamp-sts-v1-test-262,4.178925037384033
boostcamp-sts-v1-test-263,4.287729740142822
boostcamp-sts-v1-test-264,4.7466254234313965
boostcamp-sts-v1-test-265,4.112428665161133
boostcamp-sts-v1-test-266,4.413441181182861
boostcamp-sts-v1-test-267,3.334861993789673
boostcamp-sts-v1-test-268,0.6395092010498047
boostcamp-sts-v1-test-269,0.18283618986606598
boostcamp-sts-v1-test-270,4.949896812438965
boostcamp-sts-v1-test-271,1.8034170866012573
boostcamp-sts-v1-test-272,3.1909878253936768
boostcamp-sts-v1-test-273,5.285242557525635
boostcamp-sts-v1-test-274,4.4459123611450195
boostcamp-sts-v1-test-275,4.759150981903076
boostcamp-sts-v1-test-276,2.310865879058838
boostcamp-sts-v1-test-277,1.0878525972366333
boostcamp-sts-v1-test-278,2.871607780456543
boostcamp-sts-v1-test-279,5.070098876953125
boostcamp-sts-v1-test-280,1.682468295097351
boostcamp-sts-v1-test-281,4.241679668426514
boostcamp-sts-v1-test-282,4.3019490242004395
boostcamp-sts-v1-test-283,0.4227181673049927
boostcamp-sts-v1-test-284,3.9131507873535156
boostcamp-sts-v1-test-285,2.216407537460327
boostcamp-sts-v1-test-286,1.7705589532852173
boostcamp-sts-v1-test-287,4.109419345855713
boostcamp-sts-v1-test-288,0.04480946809053421
boostcamp-sts-v1-test-289,0.06608140468597412
boostcamp-sts-v1-test-290,1.112612009048462
boostcamp-sts-v1-test-291,0.07039540261030197
boostcamp-sts-v1-test-292,3.8094468116760254
boostcamp-sts-v1-test-293,2.993698835372925
boostcamp-sts-v1-test-294,2.0028035640716553
boostcamp-sts-v1-test-295,3.2808914184570312
boostcamp-sts-v1-test-296,2.819392442703247
boostcamp-sts-v1-test-297,-0.03657545894384384
boostcamp-sts-v1-test-298,5.261948585510254
boostcamp-sts-v1-test-299,0.8261280655860901
boostcamp-sts-v1-test-300,5.300230026245117
boostcamp-sts-v1-test-301,3.4491279125213623
boostcamp-sts-v1-test-302,1.339506983757019
boostcamp-sts-v1-test-303,2.99499249458313
boostcamp-sts-v1-test-304,3.833472490310669
boostcamp-sts-v1-test-305,2.6506247520446777
boostcamp-sts-v1-test-306,1.9571856260299683
boostcamp-sts-v1-test-307,4.737949848175049
boostcamp-sts-v1-test-308,1.053782343864441
boostcamp-sts-v1-test-309,1.5818089246749878
boostcamp-sts-v1-test-310,4.1338605880737305
boostcamp-sts-v1-test-311,2.433771848678589
boostcamp-sts-v1-test-312,0.36607399582862854
boostcamp-sts-v1-test-313,5.020129203796387
boostcamp-sts-v1-test-314,2.5057590007781982
boostcamp-sts-v1-test-315,2.9863040447235107
boostcamp-sts-v1-test-316,4.052556037902832
boostcamp-sts-v1-test-317,1.4085242748260498
boostcamp-sts-v1-test-318,5.095245361328125
boostcamp-sts-v1-test-319,1.3847458362579346
boostcamp-sts-v1-test-320,0.3962497115135193
boostcamp-sts-v1-test-321,0.6026133298873901
boostcamp-sts-v1-test-322,4.22343635559082
boostcamp-sts-v1-test-323,0.342446893453598
boostcamp-sts-v1-test-324,1.1388241052627563
boostcamp-sts-v1-test-325,4.892067909240723
boostcamp-sts-v1-test-326,4.168285846710205
boostcamp-sts-v1-test-327,2.162198305130005
boostcamp-sts-v1-test-328,3.6654574871063232
boostcamp-sts-v1-test-329,0.714349627494812
boostcamp-sts-v1-test-330,1.4237724542617798
boostcamp-sts-v1-test-331,4.222142696380615
boostcamp-sts-v1-test-332,4.132803916931152
boostcamp-sts-v1-test-333,4.943094730377197
boostcamp-sts-v1-test-334,1.448555588722229
boostcamp-sts-v1-test-335,4.1449103355407715
boostcamp-sts-v1-test-336,3.9171459674835205
boostcamp-sts-v1-test-337,1.4947344064712524
boostcamp-sts-v1-test-338,4.771607875823975
boostcamp-sts-v1-test-339,2.3717308044433594
boostcamp-sts-v1-test-340,1.4034513235092163
boostcamp-sts-v1-test-341,5.33588171005249
boostcamp-sts-v1-test-342,2.8605153560638428
boostcamp-sts-v1-test-343,2.668123483657837
boostcamp-sts-v1-test-344,5.2380475997924805
boostcamp-sts-v1-test-345,3.8861048221588135
boostcamp-sts-v1-test-346,2.941497802734375
boostcamp-sts-v1-test-347,2.9008331298828125
boostcamp-sts-v1-test-348,3.1811776161193848
boostcamp-sts-v1-test-349,1.4082236289978027
boostcamp-sts-v1-test-350,5.068923473358154
boostcamp-sts-v1-test-351,3.1481330394744873
boostcamp-sts-v1-test-352,2.998476266860962
boostcamp-sts-v1-test-353,0.8853446841239929
boostcamp-sts-v1-test-354,-0.01896517351269722
boostcamp-sts-v1-test-355,2.2543420791625977
boostcamp-sts-v1-test-356,3.9781148433685303
boostcamp-sts-v1-test-357,1.068051815032959
boostcamp-sts-v1-test-358,3.4302237033843994
boostcamp-sts-v1-test-359,3.7481436729431152
boostcamp-sts-v1-test-360,4.296756744384766
boostcamp-sts-v1-test-361,1.5150809288024902
boostcamp-sts-v1-test-362,3.122788906097412
boostcamp-sts-v1-test-363,-0.019070668146014214
boostcamp-sts-v1-test-364,3.173809289932251
boostcamp-sts-v1-test-365,5.208252906799316
boostcamp-sts-v1-test-366,1.7656453847885132
boostcamp-sts-v1-test-367,1.0139212608337402
boostcamp-sts-v1-test-368,-0.004443917889147997
boostcamp-sts-v1-test-369,0.44533801078796387
boostcamp-sts-v1-test-370,1.6784600019454956
boostcamp-sts-v1-test-371,4.201594352722168
boostcamp-sts-v1-test-372,3.694610118865967
boostcamp-sts-v1-test-373,-0.033304572105407715
boostcamp-sts-v1-test-374,0.8475430011749268
boostcamp-sts-v1-test-375,4.566409111022949
boostcamp-sts-v1-test-376,2.183094024658203
boostcamp-sts-v1-test-377,1.9852466583251953
boostcamp-sts-v1-test-378,5.29301643371582
boostcamp-sts-v1-test-379,4.929932594299316
boostcamp-sts-v1-test-380,2.2580888271331787
boostcamp-sts-v1-test-381,0.5297104716300964
boostcamp-sts-v1-test-382,1.8981603384017944
boostcamp-sts-v1-test-383,2.5035665035247803
boostcamp-sts-v1-test-384,0.8930404782295227
boostcamp-sts-v1-test-385,2.857649087905884
boostcamp-sts-v1-test-386,4.04261589050293
boostcamp-sts-v1-test-387,2.056727409362793
boostcamp-sts-v1-test-388,1.528124213218689
boostcamp-sts-v1-test-389,2.333712100982666
boostcamp-sts-v1-test-390,4.07694149017334
boostcamp-sts-v1-test-391,2.7262628078460693
boostcamp-sts-v1-test-392,1.122813105583191
boostcamp-sts-v1-test-393,5.257026672363281
boostcamp-sts-v1-test-394,4.375967025756836
boostcamp-sts-v1-test-395,3.7978508472442627
boostcamp-sts-v1-test-396,0.986481785774231
boostcamp-sts-v1-test-397,3.885413408279419
boostcamp-sts-v1-test-398,1.6559993028640747
boostcamp-sts-v1-test-399,1.0134271383285522
boostcamp-sts-v1-test-400,2.46885085105896
boostcamp-sts-v1-test-401,1.472094178199768
boostcamp-sts-v1-test-402,1.9236000776290894
boostcamp-sts-v1-test-403,5.282619476318359
boostcamp-sts-v1-test-404,5.069153785705566
boostcamp-sts-v1-test-405,0.865644633769989
boostcamp-sts-v1-test-406,4.348673343658447
boostcamp-sts-v1-test-407,2.7729177474975586
boostcamp-sts-v1-test-408,3.614166498184204
boostcamp-sts-v1-test-409,5.145400524139404
boostcamp-sts-v1-test-410,2.9807825088500977
boostcamp-sts-v1-test-411,1.1591318845748901
boostcamp-sts-v1-test-412,0.40401577949523926
boostcamp-sts-v1-test-413,4.037205219268799
boostcamp-sts-v1-test-414,3.743891477584839
boostcamp-sts-v1-test-415,0.9179773330688477
boostcamp-sts-v1-test-416,3.436976432800293
boostcamp-sts-v1-test-417,2.698352098464966
boostcamp-sts-v1-test-418,4.784012317657471
boostcamp-sts-v1-test-419,2.0737411975860596
boostcamp-sts-v1-test-420,4.391742706298828
boostcamp-sts-v1-test-421,4.089416980743408
boostcamp-sts-v1-test-422,4.006071090698242
boostcamp-sts-v1-test-423,4.181601047515869
boostcamp-sts-v1-test-424,2.5962376594543457
boostcamp-sts-v1-test-425,1.53323233127594
boostcamp-sts-v1-test-426,2.732790470123291
boostcamp-sts-v1-test-427,4.712334156036377
boostcamp-sts-v1-test-428,4.003248691558838
boostcamp-sts-v1-test-429,3.201929807662964
boostcamp-sts-v1-test-430,1.153594970703125
boostcamp-sts-v1-test-431,1.6416887044906616
boostcamp-sts-v1-test-432,2.3946399688720703
boostcamp-sts-v1-test-433,1.4612444639205933
boostcamp-sts-v1-test-434,0.014829322695732117
boostcamp-sts-v1-test-435,2.9408373832702637
boostcamp-sts-v1-test-436,1.6891785860061646
boostcamp-sts-v1-test-437,2.0329477787017822
boostcamp-sts-v1-test-438,2.58872389793396
boostcamp-sts-v1-test-439,3.8181676864624023
boostcamp-sts-v1-test-440,0.014285039156675339
boostcamp-sts-v1-test-441,2.792252779006958
boostcamp-sts-v1-test-442,3.59075665473938
boostcamp-sts-v1-test-443,1.2294272184371948
boostcamp-sts-v1-test-444,4.158716201782227
boostcamp-sts-v1-test-445,0.7462961077690125
boostcamp-sts-v1-test-446,4.215322017669678
boostcamp-sts-v1-test-447,1.463716745376587
boostcamp-sts-v1-test-448,4.62175989151001
boostcamp-sts-v1-test-449,3.9357428550720215
boostcamp-sts-v1-test-450,2.717343330383301
boostcamp-sts-v1-test-451,1.753363847732544
boostcamp-sts-v1-test-452,4.059595108032227
boostcamp-sts-v1-test-453,2.214104175567627
boostcamp-sts-v1-test-454,2.221487522125244
boostcamp-sts-v1-test-455,2.037306547164917
boostcamp-sts-v1-test-456,1.3883070945739746
boostcamp-sts-v1-test-457,2.8911943435668945
boostcamp-sts-v1-test-458,0.738736093044281
boostcamp-sts-v1-test-459,2.271874189376831
boostcamp-sts-v1-test-460,0.11785631626844406
boostcamp-sts-v1-test-461,4.526705741882324
boostcamp-sts-v1-test-462,4.778396129608154
boostcamp-sts-v1-test-463,3.32285737991333
boostcamp-sts-v1-test-464,1.2423123121261597
boostcamp-sts-v1-test-465,-0.028457241132855415
boostcamp-sts-v1-test-466,2.2495076656341553
boostcamp-sts-v1-test-467,2.004863977432251
boostcamp-sts-v1-test-468,2.982630968093872
boostcamp-sts-v1-test-469,1.7842140197753906
boostcamp-sts-v1-test-470,3.171541213989258
boostcamp-sts-v1-test-471,2.4121129512786865
boostcamp-sts-v1-test-472,4.107587814331055
boostcamp-sts-v1-test-473,2.0636892318725586
boostcamp-sts-v1-test-474,2.961088180541992
boostcamp-sts-v1-test-475,0.027083931490778923
boostcamp-sts-v1-test-476,4.323498725891113
boostcamp-sts-v1-test-477,2.2136857509613037
boostcamp-sts-v1-test-478,2.1669087409973145
boostcamp-sts-v1-test-479,2.4187023639678955
boostcamp-sts-v1-test-480,4.484500408172607
boostcamp-sts-v1-test-481,1.04024338722229
boostcamp-sts-v1-test-482,5.304182529449463
boostcamp-sts-v1-test-483,5.145886421203613
boostcamp-sts-v1-test-484,2.5771021842956543
boostcamp-sts-v1-test-485,3.5566554069519043
boostcamp-sts-v1-test-486,2.0640039443969727
boostcamp-sts-v1-test-487,3.707808256149292
boostcamp-sts-v1-test-488,0.16767066717147827
boostcamp-sts-v1-test-489,0.8005591630935669
boostcamp-sts-v1-test-490,4.203014373779297
boostcamp-sts-v1-test-491,2.1860015392303467
boostcamp-sts-v1-test-492,2.5826523303985596
boostcamp-sts-v1-test-493,0.6312963962554932
boostcamp-sts-v1-test-494,4.215786933898926
boostcamp-sts-v1-test-495,-0.017513910308480263
boostcamp-sts-v1-test-496,5.225595951080322
boostcamp-sts-v1-test-497,5.12774133682251
boostcamp-sts-v1-test-498,3.9944701194763184
boostcamp-sts-v1-test-499,2.569476842880249
boostcamp-sts-v1-test-500,0.8895295858383179
boostcamp-sts-v1-test-501,4.942397117614746
boostcamp-sts-v1-test-502,3.8850936889648438
boostcamp-sts-v1-test-503,2.6340842247009277
boostcamp-sts-v1-test-504,5.2787089347839355
boostcamp-sts-v1-test-505,0.693828821182251
boostcamp-sts-v1-test-506,1.3636716604232788
boostcamp-sts-v1-test-507,0.8793067932128906
boostcamp-sts-v1-test-508,-0.015559839084744453
boostcamp-sts-v1-test-509,4.380080699920654
boostcamp-sts-v1-test-510,1.4591553211212158
boostcamp-sts-v1-test-511,1.295344352722168
boostcamp-sts-v1-test-512,0.07241738587617874
boostcamp-sts-v1-test-513,2.6194095611572266
boostcamp-sts-v1-test-514,0.7705844640731812
boostcamp-sts-v1-test-515,1.0160305500030518
boostcamp-sts-v1-test-516,1.3905799388885498
boostcamp-sts-v1-test-517,2.275642156600952
boostcamp-sts-v1-test-518,4.959699630737305
boostcamp-sts-v1-test-519,0.6413218379020691
boostcamp-sts-v1-test-520,0.8188308477401733
boostcamp-sts-v1-test-521,2.5530037879943848
boostcamp-sts-v1-test-522,1.9681156873703003
boostcamp-sts-v1-test-523,3.1649420261383057
boostcamp-sts-v1-test-524,1.6619621515274048
boostcamp-sts-v1-test-525,3.603661298751831
boostcamp-sts-v1-test-526,2.0975306034088135
boostcamp-sts-v1-test-527,0.31384512782096863
boostcamp-sts-v1-test-528,1.790776014328003
boostcamp-sts-v1-test-529,4.032348155975342
boostcamp-sts-v1-test-530,5.234544277191162
boostcamp-sts-v1-test-531,1.3575458526611328
boostcamp-sts-v1-test-532,0.032046400010585785
boostcamp-sts-v1-test-533,1.2833691835403442
boostcamp-sts-v1-test-534,1.4585314989089966
boostcamp-sts-v1-test-535,4.512135982513428
boostcamp-sts-v1-test-536,4.01732063293457
boostcamp-sts-v1-test-537,3.92146635055542
boostcamp-sts-v1-test-538,1.780558466911316
boostcamp-sts-v1-test-539,0.24011744558811188
boostcamp-sts-v1-test-540,1.7468955516815186
boostcamp-sts-v1-test-541,4.697235107421875
boostcamp-sts-v1-test-542,3.2559213638305664
boostcamp-sts-v1-test-543,1.1501367092132568
boostcamp-sts-v1-test-544,1.4853242635726929
boostcamp-sts-v1-test-545,2.2554359436035156
boostcamp-sts-v1-test-546,5.297170639038086
boostcamp-sts-v1-test-547,5.064265727996826
boostcamp-sts-v1-test-548,3.915619134902954
boostcamp-sts-v1-test-549,2.442809820175171
boostcamp-sts-v1-test-550,1.0641714334487915
boostcamp-sts-v1-test-551,0.4861445128917694
boostcamp-sts-v1-test-552,2.5351107120513916
boostcamp-sts-v1-test-553,3.8750112056732178
boostcamp-sts-v1-test-554,4.796442985534668
boostcamp-sts-v1-test-555,4.020425796508789
boostcamp-sts-v1-test-556,1.4790838956832886
boostcamp-sts-v1-test-557,1.8607146739959717
boostcamp-sts-v1-test-558,2.3358798027038574
boostcamp-sts-v1-test-559,0.17817948758602142
boostcamp-sts-v1-test-560,4.341456413269043
boostcamp-sts-v1-test-561,4.6398701667785645
boostcamp-sts-v1-test-562,0.5053820610046387
boostcamp-sts-v1-test-563,2.429837703704834
boostcamp-sts-v1-test-564,0.7715677618980408
boostcamp-sts-v1-test-565,3.919445514678955
boostcamp-sts-v1-test-566,3.4497084617614746
boostcamp-sts-v1-test-567,4.239392280578613
boostcamp-sts-v1-test-568,4.055559158325195
boostcamp-sts-v1-test-569,5.288196563720703
boostcamp-sts-v1-test-570,1.7009787559509277
boostcamp-sts-v1-test-571,2.4441592693328857
boostcamp-sts-v1-test-572,2.861686944961548
boostcamp-sts-v1-test-573,3.677785634994507
boostcamp-sts-v1-test-574,1.5590033531188965
boostcamp-sts-v1-test-575,4.677670001983643
boostcamp-sts-v1-test-576,4.682026386260986
boostcamp-sts-v1-test-577,0.29143884778022766
boostcamp-sts-v1-test-578,0.8972353935241699
boostcamp-sts-v1-test-579,2.182551860809326
boostcamp-sts-v1-test-580,4.126791954040527
boostcamp-sts-v1-test-581,-0.016614997759461403
boostcamp-sts-v1-test-582,0.24918241798877716
boostcamp-sts-v1-test-583,4.551815032958984
boostcamp-sts-v1-test-584,1.9268628358840942
boostcamp-sts-v1-test-585,4.275994777679443
boostcamp-sts-v1-test-586,3.334412097930908
boostcamp-sts-v1-test-587,0.34768903255462646
boostcamp-sts-v1-test-588,4.676883697509766
boostcamp-sts-v1-test-589,1.1234830617904663
boostcamp-sts-v1-test-590,3.393805742263794
boostcamp-sts-v1-test-591,3.7538421154022217
boostcamp-sts-v1-test-592,2.2454206943511963
boostcamp-sts-v1-test-593,3.9519314765930176
boostcamp-sts-v1-test-594,4.0642290115356445
boostcamp-sts-v1-test-595,0.12003741413354874
boostcamp-sts-v1-test-596,4.415404319763184
boostcamp-sts-v1-test-597,4.115302085876465
boostcamp-sts-v1-test-598,3.1395010948181152
boostcamp-sts-v1-test-599,2.430377960205078
boostcamp-sts-v1-test-600,3.4076616764068604
boostcamp-sts-v1-test-601,3.0834193229675293
boostcamp-sts-v1-test-602,4.223998069763184
boostcamp-sts-v1-test-603,3.101902723312378
boostcamp-sts-v1-test-604,4.822476863861084
boostcamp-sts-v1-test-605,0.3836379945278168
boostcamp-sts-v1-test-606,2.623544454574585
boostcamp-sts-v1-test-607,2.25095534324646
boostcamp-sts-v1-test-608,0.07201597094535828
boostcamp-sts-v1-test-609,1.5964922904968262
boostcamp-sts-v1-test-610,4.15587043762207
boostcamp-sts-v1-test-611,4.517993450164795
boostcamp-sts-v1-test-612,4.305946350097656
boostcamp-sts-v1-test-613,1.6548868417739868
boostcamp-sts-v1-test-614,1.1094542741775513
boostcamp-sts-v1-test-615,3.7789909839630127
boostcamp-sts-v1-test-616,3.0887224674224854
boostcamp-sts-v1-test-617,3.1931326389312744
boostcamp-sts-v1-test-618,3.7399423122406006
boostcamp-sts-v1-test-619,1.322403073310852
boostcamp-sts-v1-test-620,1.5244988203048706
boostcamp-sts-v1-test-621,2.1497113704681396
boostcamp-sts-v1-test-622,2.2894864082336426
boostcamp-sts-v1-test-623,3.9147040843963623
boostcamp-sts-v1-test-624,4.553988456726074
boostcamp-sts-v1-test-625,0.4167593717575073
boostcamp-sts-v1-test-626,4.052242279052734
boostcamp-sts-v1-test-627,4.630104064941406
boostcamp-sts-v1-test-628,1.9177991151809692
boostcamp-sts-v1-test-629,0.42545393109321594
boostcamp-sts-v1-test-630,1.115710973739624
boostcamp-sts-v1-test-631,1.454237699508667
boostcamp-sts-v1-test-632,1.2172335386276245
boostcamp-sts-v1-test-633,3.752701997756958
boostcamp-sts-v1-test-634,0.2579931318759918
boostcamp-sts-v1-test-635,2.884438991546631
boostcamp-sts-v1-test-636,2.7182724475860596
boostcamp-sts-v1-test-637,0.09571981430053711
boostcamp-sts-v1-test-638,4.033348083496094
boostcamp-sts-v1-test-639,4.623225688934326
boostcamp-sts-v1-test-640,2.519806385040283
boostcamp-sts-v1-test-641,3.894763708114624
boostcamp-sts-v1-test-642,1.3888989686965942
boostcamp-sts-v1-test-643,3.1247355937957764
boostcamp-sts-v1-test-644,2.796137571334839
boostcamp-sts-v1-test-645,0.6370583772659302
boostcamp-sts-v1-test-646,4.612682342529297
boostcamp-sts-v1-test-647,3.653207540512085
boostcamp-sts-v1-test-648,0.8976531028747559
boostcamp-sts-v1-test-649,2.163708448410034
boostcamp-sts-v1-test-650,4.199282169342041
boostcamp-sts-v1-test-651,2.4148426055908203
boostcamp-sts-v1-test-652,4.377599716186523
boostcamp-sts-v1-test-653,1.0100871324539185
boostcamp-sts-v1-test-654,1.8572078943252563
boostcamp-sts-v1-test-655,2.7023565769195557
boostcamp-sts-v1-test-656,5.21612024307251
boostcamp-sts-v1-test-657,0.9563270807266235
boostcamp-sts-v1-test-658,1.6917036771774292
boostcamp-sts-v1-test-659,4.894535064697266
boostcamp-sts-v1-test-660,4.324164867401123
boostcamp-sts-v1-test-661,-0.032023798674345016
boostcamp-sts-v1-test-662,3.0733141899108887
boostcamp-sts-v1-test-663,3.680063009262085
boostcamp-sts-v1-test-664,1.8374302387237549
boostcamp-sts-v1-test-665,2.1718928813934326
boostcamp-sts-v1-test-666,1.4890557527542114
boostcamp-sts-v1-test-667,3.523883581161499
boostcamp-sts-v1-test-668,2.1589581966400146
boostcamp-sts-v1-test-669,3.741870164871216
boostcamp-sts-v1-test-670,2.427619218826294
boostcamp-sts-v1-test-671,3.9630157947540283
boostcamp-sts-v1-test-672,2.791611433029175
boostcamp-sts-v1-test-673,4.781513690948486
boostcamp-sts-v1-test-674,0.6630771160125732
boostcamp-sts-v1-test-675,4.076257705688477
boostcamp-sts-v1-test-676,2.79941463470459
boostcamp-sts-v1-test-677,2.9159886837005615
boostcamp-sts-v1-test-678,4.840402603149414
boostcamp-sts-v1-test-679,3.977552652359009
boostcamp-sts-v1-test-680,1.0609058141708374
boostcamp-sts-v1-test-681,1.2980892658233643
boostcamp-sts-v1-test-682,1.9086124897003174
boostcamp-sts-v1-test-683,3.672438859939575
boostcamp-sts-v1-test-684,3.686884880065918
boostcamp-sts-v1-test-685,3.0127713680267334
boostcamp-sts-v1-test-686,4.8095383644104
boostcamp-sts-v1-test-687,4.217126369476318
boostcamp-sts-v1-test-688,4.796436786651611
boostcamp-sts-v1-test-689,1.0387405157089233
boostcamp-sts-v1-test-690,4.070392608642578
boostcamp-sts-v1-test-691,4.119996070861816
boostcamp-sts-v1-test-692,0.20003487169742584
boostcamp-sts-v1-test-693,5.259493827819824
boostcamp-sts-v1-test-694,2.2638943195343018
boostcamp-sts-v1-test-695,3.671464204788208
boostcamp-sts-v1-test-696,1.0244605541229248
boostcamp-sts-v1-test-697,4.261909008026123
boostcamp-sts-v1-test-698,4.369039535522461
boostcamp-sts-v1-test-699,0.6489903330802917
boostcamp-sts-v1-test-700,4.996236324310303
boostcamp-sts-v1-test-701,0.19041620194911957
boostcamp-sts-v1-test-702,2.7302322387695312
boostcamp-sts-v1-test-703,1.75825035572052
boostcamp-sts-v1-test-704,2.019763708114624
boostcamp-sts-v1-test-705,3.4594388008117676
boostcamp-sts-v1-test-706,2.6472301483154297
boostcamp-sts-v1-test-707,3.6882965564727783
boostcamp-sts-v1-test-708,3.381511926651001
boostcamp-sts-v1-test-709,3.9863970279693604
boostcamp-sts-v1-test-710,0.49767184257507324
boostcamp-sts-v1-test-711,2.2417819499969482
boostcamp-sts-v1-test-712,5.132887363433838
boostcamp-sts-v1-test-713,2.664599657058716
boostcamp-sts-v1-test-714,3.887336492538452
boostcamp-sts-v1-test-715,-0.03550299257040024
boostcamp-sts-v1-test-716,3.5460660457611084
boostcamp-sts-v1-test-717,5.0292158126831055
boostcamp-sts-v1-test-718,3.622511148452759
boostcamp-sts-v1-test-719,4.6817545890808105
boostcamp-sts-v1-test-720,4.639012336730957
boostcamp-sts-v1-test-721,5.1443681716918945
boostcamp-sts-v1-test-722,0.5478898286819458
boostcamp-sts-v1-test-723,-0.021883046254515648
boostcamp-sts-v1-test-724,0.4769439101219177
boostcamp-sts-v1-test-725,1.4093331098556519
boostcamp-sts-v1-test-726,1.970988392829895
boostcamp-sts-v1-test-727,4.4344024658203125
boostcamp-sts-v1-test-728,3.2694594860076904
boostcamp-sts-v1-test-729,4.604170799255371
boostcamp-sts-v1-test-730,2.942203998565674
boostcamp-sts-v1-test-731,2.009876012802124
boostcamp-sts-v1-test-732,2.4367477893829346
boostcamp-sts-v1-test-733,3.5742127895355225
boostcamp-sts-v1-test-734,1.943361520767212
boostcamp-sts-v1-test-735,4.4765543937683105
boostcamp-sts-v1-test-736,2.7821292877197266
boostcamp-sts-v1-test-737,4.347432613372803
boostcamp-sts-v1-test-738,2.920180559158325
boostcamp-sts-v1-test-739,2.4905450344085693
boostcamp-sts-v1-test-740,2.615280866622925
boostcamp-sts-v1-test-741,1.5598883628845215
boostcamp-sts-v1-test-742,2.494798421859741
boostcamp-sts-v1-test-743,4.677567481994629
boostcamp-sts-v1-test-744,3.177325487136841
boostcamp-sts-v1-test-745,4.048211574554443
boostcamp-sts-v1-test-746,2.691739797592163
boostcamp-sts-v1-test-747,2.971954345703125
boostcamp-sts-v1-test-748,3.668050527572632
boostcamp-sts-v1-test-749,1.6746340990066528
boostcamp-sts-v1-test-750,4.572909832000732
boostcamp-sts-v1-test-751,4.464242458343506
boostcamp-sts-v1-test-752,-0.03180187940597534
boostcamp-sts-v1-test-753,2.1496152877807617
boostcamp-sts-v1-test-754,0.9096077680587769
boostcamp-sts-v1-test-755,2.795988082885742
boostcamp-sts-v1-test-756,3.9409618377685547
boostcamp-sts-v1-test-757,1.786270260810852
boostcamp-sts-v1-test-758,1.9359465837478638
boostcamp-sts-v1-test-759,0.9688502550125122
boostcamp-sts-v1-test-760,4.269135475158691
boostcamp-sts-v1-test-761,1.6587538719177246
boostcamp-sts-v1-test-762,3.673100709915161
boostcamp-sts-v1-test-763,5.0655694007873535
boostcamp-sts-v1-test-764,3.8030903339385986
boostcamp-sts-v1-test-765,0.6204367876052856
boostcamp-sts-v1-test-766,1.3308242559432983
boostcamp-sts-v1-test-767,3.0619537830352783
boostcamp-sts-v1-test-768,5.250066757202148
boostcamp-sts-v1-test-769,2.351660966873169
boostcamp-sts-v1-test-770,4.483854293823242
boostcamp-sts-v1-test-771,2.9784152507781982
boostcamp-sts-v1-test-772,1.0001088380813599
boostcamp-sts-v1-test-773,1.5794684886932373
boostcamp-sts-v1-test-774,0.3782617747783661
boostcamp-sts-v1-test-775,3.6611454486846924
boostcamp-sts-v1-test-776,4.439532279968262
boostcamp-sts-v1-test-777,3.751842737197876
boostcamp-sts-v1-test-778,2.782892942428589
boostcamp-sts-v1-test-779,0.9609344005584717
boostcamp-sts-v1-test-780,1.3864762783050537
boostcamp-sts-v1-test-781,3.045740842819214
boostcamp-sts-v1-test-782,2.449312925338745
boostcamp-sts-v1-test-783,4.289564609527588
boostcamp-sts-v1-test-784,4.927872657775879
boostcamp-sts-v1-test-785,2.164435386657715
boostcamp-sts-v1-test-786,2.432225227355957
boostcamp-sts-v1-test-787,3.9315524101257324
boostcamp-sts-v1-test-788,2.0607361793518066
boostcamp-sts-v1-test-789,0.596574068069458
boostcamp-sts-v1-test-790,2.496022939682007
boostcamp-sts-v1-test-791,2.3152945041656494
boostcamp-sts-v1-test-792,2.3424718379974365
boostcamp-sts-v1-test-793,0.9951863288879395
boostcamp-sts-v1-test-794,2.4777536392211914
boostcamp-sts-v1-test-795,5.307980537414551
boostcamp-sts-v1-test-796,2.529088258743286
boostcamp-sts-v1-test-797,3.8274357318878174
boostcamp-sts-v1-test-798,0.5523412227630615
boostcamp-sts-v1-test-799,3.1633517742156982
boostcamp-sts-v1-test-800,0.11958678811788559
boostcamp-sts-v1-test-801,2.1431033611297607
boostcamp-sts-v1-test-802,3.555445432662964
boostcamp-sts-v1-test-803,2.5222561359405518
boostcamp-sts-v1-test-804,2.3236451148986816
boostcamp-sts-v1-test-805,0.3819745182991028
boostcamp-sts-v1-test-806,1.1435918807983398
boostcamp-sts-v1-test-807,2.7672390937805176
boostcamp-sts-v1-test-808,3.704378843307495
boostcamp-sts-v1-test-809,2.767540454864502
boostcamp-sts-v1-test-810,4.06077766418457
boostcamp-sts-v1-test-811,3.9640231132507324
boostcamp-sts-v1-test-812,2.1289477348327637
boostcamp-sts-v1-test-813,4.072442531585693
boostcamp-sts-v1-test-814,2.4535696506500244
boostcamp-sts-v1-test-815,1.5753670930862427
boostcamp-sts-v1-test-816,2.151740789413452
boostcamp-sts-v1-test-817,2.3358211517333984
boostcamp-sts-v1-test-818,3.944039821624756
boostcamp-sts-v1-test-819,4.285830974578857
boostcamp-sts-v1-test-820,1.30976140499115
boostcamp-sts-v1-test-821,1.5604547262191772
boostcamp-sts-v1-test-822,1.131147861480713
boostcamp-sts-v1-test-823,3.4677560329437256
boostcamp-sts-v1-test-824,0.32358017563819885
boostcamp-sts-v1-test-825,1.3719871044158936
boostcamp-sts-v1-test-826,4.099286079406738
boostcamp-sts-v1-test-827,5.239202499389648
boostcamp-sts-v1-test-828,2.9706785678863525
boostcamp-sts-v1-test-829,3.19746470451355
boostcamp-sts-v1-test-830,2.0545928478240967
boostcamp-sts-v1-test-831,0.9148255586624146
boostcamp-sts-v1-test-832,3.2223119735717773
boostcamp-sts-v1-test-833,0.9782906770706177
boostcamp-sts-v1-test-834,2.420469284057617
boostcamp-sts-v1-test-835,2.4120686054229736
boostcamp-sts-v1-test-836,4.784206390380859
boostcamp-sts-v1-test-837,3.60243558883667
boostcamp-sts-v1-test-838,3.5873448848724365
boostcamp-sts-v1-test-839,0.9717435240745544
boostcamp-sts-v1-test-840,1.5266141891479492
boostcamp-sts-v1-test-841,4.39441442489624
boostcamp-sts-v1-test-842,4.413997173309326
boostcamp-sts-v1-test-843,4.337582111358643
boostcamp-sts-v1-test-844,1.4827800989151
boostcamp-sts-v1-test-845,3.867433786392212
boostcamp-sts-v1-test-846,4.13584566116333
boostcamp-sts-v1-test-847,4.546875
boostcamp-sts-v1-test-848,4.570669651031494
boostcamp-sts-v1-test-849,1.171760082244873
boostcamp-sts-v1-test-850,2.056114435195923
boostcamp-sts-v1-test-851,1.9156519174575806
boostcamp-sts-v1-test-852,4.002495288848877
boostcamp-sts-v1-test-853,1.6152960062026978
boostcamp-sts-v1-test-854,4.10965633392334
boostcamp-sts-v1-test-855,3.9296514987945557
boostcamp-sts-v1-test-856,1.9275339841842651
boostcamp-sts-v1-test-857,0.9265076518058777
boostcamp-sts-v1-test-858,1.610273838043213
boostcamp-sts-v1-test-859,0.4629392921924591
boostcamp-sts-v1-test-860,5.295671463012695
boostcamp-sts-v1-test-861,1.2631173133850098
boostcamp-sts-v1-test-862,3.372450828552246
boostcamp-sts-v1-test-863,4.898248195648193
boostcamp-sts-v1-test-864,5.255763053894043
boostcamp-sts-v1-test-865,3.067559003829956
boostcamp-sts-v1-test-866,1.224871039390564
boostcamp-sts-v1-test-867,-0.05583634600043297
boostcamp-sts-v1-test-868,3.2726404666900635
boostcamp-sts-v1-test-869,0.9322484731674194
boostcamp-sts-v1-test-870,4.664839267730713
boostcamp-sts-v1-test-871,3.357722282409668
boostcamp-sts-v1-test-872,1.1120349168777466
boostcamp-sts-v1-test-873,3.13564133644104
boostcamp-sts-v1-test-874,2.645927906036377
boostcamp-sts-v1-test-875,1.468636155128479
boostcamp-sts-v1-test-876,5.138133525848389
boostcamp-sts-v1-test-877,0.3972756564617157
boostcamp-sts-v1-test-878,3.6147658824920654
boostcamp-sts-v1-test-879,1.6802982091903687
boostcamp-sts-v1-test-880,4.234604835510254
boostcamp-sts-v1-test-881,4.595350742340088
boostcamp-sts-v1-test-882,2.2647666931152344
boostcamp-sts-v1-test-883,3.943749189376831
boostcamp-sts-v1-test-884,3.7641327381134033
boostcamp-sts-v1-test-885,4.196416854858398
boostcamp-sts-v1-test-886,2.700098752975464
boostcamp-sts-v1-test-887,4.017810344696045
boostcamp-sts-v1-test-888,2.6959547996520996
boostcamp-sts-v1-test-889,4.959219455718994
boostcamp-sts-v1-test-890,4.014543533325195
boostcamp-sts-v1-test-891,2.304216146469116
boostcamp-sts-v1-test-892,3.6297643184661865
boostcamp-sts-v1-test-893,4.269250869750977
boostcamp-sts-v1-test-894,1.7905243635177612
boostcamp-sts-v1-test-895,4.149386405944824
boostcamp-sts-v1-test-896,2.762587547302246
boostcamp-sts-v1-test-897,1.88922917842865
boostcamp-sts-v1-test-898,-0.03471194952726364
boostcamp-sts-v1-test-899,3.9982357025146484
boostcamp-sts-v1-test-900,0.5969281196594238
boostcamp-sts-v1-test-901,1.2368983030319214
boostcamp-sts-v1-test-902,1.0300921201705933
boostcamp-sts-v1-test-903,3.2713985443115234
boostcamp-sts-v1-test-904,2.0508508682250977
boostcamp-sts-v1-test-905,3.0236990451812744
boostcamp-sts-v1-test-906,4.244508266448975
boostcamp-sts-v1-test-907,1.7593995332717896
boostcamp-sts-v1-test-908,0.41837361454963684
boostcamp-sts-v1-test-909,3.7396647930145264
boostcamp-sts-v1-test-910,4.327264308929443
boostcamp-sts-v1-test-911,1.0645524263381958
boostcamp-sts-v1-test-912,2.77911639213562
boostcamp-sts-v1-test-913,4.44306755065918
boostcamp-sts-v1-test-914,1.2649646997451782
boostcamp-sts-v1-test-915,2.6838300228118896
boostcamp-sts-v1-test-916,3.19073748588562
boostcamp-sts-v1-test-917,4.705584526062012
boostcamp-sts-v1-test-918,5.007136344909668
boostcamp-sts-v1-test-919,4.235747814178467
boostcamp-sts-v1-test-920,3.0397262573242188
boostcamp-sts-v1-test-921,3.9032528400421143
boostcamp-sts-v1-test-922,3.448901414871216
boostcamp-sts-v1-test-923,5.242143630981445
boostcamp-sts-v1-test-924,5.278956413269043
boostcamp-sts-v1-test-925,0.9598514437675476
boostcamp-sts-v1-test-926,1.542923927307129
boostcamp-sts-v1-test-927,5.224524021148682
boostcamp-sts-v1-test-928,5.125070571899414
boostcamp-sts-v1-test-929,4.776529312133789
boostcamp-sts-v1-test-930,5.331981182098389
boostcamp-sts-v1-test-931,4.01822566986084
boostcamp-sts-v1-test-932,1.6363407373428345
boostcamp-sts-v1-test-933,1.9301221370697021
boostcamp-sts-v1-test-934,4.09527587890625
boostcamp-sts-v1-test-935,0.23573975265026093
boostcamp-sts-v1-test-936,2.7637293338775635
boostcamp-sts-v1-test-937,3.885800361633301
boostcamp-sts-v1-test-938,1.7839878797531128
boostcamp-sts-v1-test-939,4.0990471839904785
boostcamp-sts-v1-test-940,4.851683616638184
boostcamp-sts-v1-test-941,4.267084121704102
boostcamp-sts-v1-test-942,3.411428689956665
boostcamp-sts-v1-test-943,2.8298964500427246
boostcamp-sts-v1-test-944,3.619188070297241
boostcamp-sts-v1-test-945,-0.048706430941820145
boostcamp-sts-v1-test-946,0.674503743648529
boostcamp-sts-v1-test-947,2.503962278366089
boostcamp-sts-v1-test-948,5.185910701751709
boostcamp-sts-v1-test-949,3.4193460941314697
boostcamp-sts-v1-test-950,3.7245519161224365
boostcamp-sts-v1-test-951,3.7919681072235107
boostcamp-sts-v1-test-952,0.6675759553909302
boostcamp-sts-v1-test-953,4.599555969238281
boostcamp-sts-v1-test-954,4.128283500671387
boostcamp-sts-v1-test-955,4.806469917297363
boostcamp-sts-v1-test-956,2.0221898555755615
boostcamp-sts-v1-test-957,2.9891409873962402
boostcamp-sts-v1-test-958,3.460744857788086
boostcamp-sts-v1-test-959,2.4776124954223633
boostcamp-sts-v1-test-960,4.297669887542725
boostcamp-sts-v1-test-961,3.770056962966919
boostcamp-sts-v1-test-962,2.8396546840667725
boostcamp-sts-v1-test-963,5.327090740203857
boostcamp-sts-v1-test-964,4.3311028480529785
boostcamp-sts-v1-test-965,3.2279398441314697
boostcamp-sts-v1-test-966,1.0619961023330688
boostcamp-sts-v1-test-967,3.6132829189300537
boostcamp-sts-v1-test-968,3.508737325668335
boostcamp-sts-v1-test-969,0.4309878647327423
boostcamp-sts-v1-test-970,2.775017261505127
boostcamp-sts-v1-test-971,1.691948652267456
boostcamp-sts-v1-test-972,1.8860737085342407
boostcamp-sts-v1-test-973,2.8670949935913086
boostcamp-sts-v1-test-974,3.586066484451294
boostcamp-sts-v1-test-975,2.356428623199463
boostcamp-sts-v1-test-976,2.168226480484009
boostcamp-sts-v1-test-977,3.4595329761505127
boostcamp-sts-v1-test-978,3.3118209838867188
boostcamp-sts-v1-test-979,3.9941601753234863
boostcamp-sts-v1-test-980,1.628158688545227
boostcamp-sts-v1-test-981,3.7139689922332764
boostcamp-sts-v1-test-982,4.113218784332275
boostcamp-sts-v1-test-983,1.7983018159866333
boostcamp-sts-v1-test-984,4.546295166015625
boostcamp-sts-v1-test-985,1.0874465703964233
boostcamp-sts-v1-test-986,1.8530272245407104
boostcamp-sts-v1-test-987,3.498074531555176
boostcamp-sts-v1-test-988,5.104140758514404
boostcamp-sts-v1-test-989,3.378312587738037
boostcamp-sts-v1-test-990,1.758684754371643
boostcamp-sts-v1-test-991,4.720884323120117
boostcamp-sts-v1-test-992,4.4385271072387695
boostcamp-sts-v1-test-993,0.9734584093093872
boostcamp-sts-v1-test-994,1.515234351158142
boostcamp-sts-v1-test-995,1.6069145202636719
boostcamp-sts-v1-test-996,3.2971935272216797
boostcamp-sts-v1-test-997,3.8295342922210693
boostcamp-sts-v1-test-998,2.8483333587646484
boostcamp-sts-v1-test-999,3.894089937210083
boostcamp-sts-v1-test-1000,4.611957550048828
boostcamp-sts-v1-test-1001,4.372115135192871
boostcamp-sts-v1-test-1002,1.1048961877822876
boostcamp-sts-v1-test-1003,3.440331220626831
boostcamp-sts-v1-test-1004,5.011102199554443
boostcamp-sts-v1-test-1005,3.754561424255371
boostcamp-sts-v1-test-1006,3.7228164672851562
boostcamp-sts-v1-test-1007,-0.03041972778737545
boostcamp-sts-v1-test-1008,3.0968434810638428
boostcamp-sts-v1-test-1009,0.9661614894866943
boostcamp-sts-v1-test-1010,0.4027092158794403
boostcamp-sts-v1-test-1011,4.946753025054932
boostcamp-sts-v1-test-1012,1.2296518087387085
boostcamp-sts-v1-test-1013,3.357404947280884
boostcamp-sts-v1-test-1014,3.672274351119995
boostcamp-sts-v1-test-1015,3.426302671432495
boostcamp-sts-v1-test-1016,4.0876336097717285
boostcamp-sts-v1-test-1017,4.446776866912842
boostcamp-sts-v1-test-1018,1.3508546352386475
boostcamp-sts-v1-test-1019,4.104546546936035
boostcamp-sts-v1-test-1020,3.2613298892974854
boostcamp-sts-v1-test-1021,1.5077886581420898
boostcamp-sts-v1-test-1022,1.1318135261535645
boostcamp-sts-v1-test-1023,3.5398170948028564
boostcamp-sts-v1-test-1024,4.265614032745361
boostcamp-sts-v1-test-1025,4.018121719360352
boostcamp-sts-v1-test-1026,2.0509707927703857
boostcamp-sts-v1-test-1027,4.295532703399658
boostcamp-sts-v1-test-1028,0.8926045894622803
boostcamp-sts-v1-test-1029,5.188054084777832
boostcamp-sts-v1-test-1030,1.223630428314209
boostcamp-sts-v1-test-1031,5.316675662994385
boostcamp-sts-v1-test-1032,1.7490979433059692
boostcamp-sts-v1-test-1033,5.281168460845947
boostcamp-sts-v1-test-1034,3.3707258701324463
boostcamp-sts-v1-test-1035,2.0668020248413086
boostcamp-sts-v1-test-1036,2.058891534805298
boostcamp-sts-v1-test-1037,1.697096347808838
boostcamp-sts-v1-test-1038,2.3319787979125977
boostcamp-sts-v1-test-1039,4.934006214141846
boostcamp-sts-v1-test-1040,3.726409673690796
boostcamp-sts-v1-test-1041,0.7388710975646973
boostcamp-sts-v1-test-1042,3.954498529434204
boostcamp-sts-v1-test-1043,3.976266384124756
boostcamp-sts-v1-test-1044,3.3236405849456787
boostcamp-sts-v1-test-1045,4.317907333374023
boostcamp-sts-v1-test-1046,4.704380989074707
boostcamp-sts-v1-test-1047,3.8865387439727783
boostcamp-sts-v1-test-1048,1.0862441062927246
boostcamp-sts-v1-test-1049,1.504865288734436
boostcamp-sts-v1-test-1050,4.700091361999512
boostcamp-sts-v1-test-1051,4.582087516784668
boostcamp-sts-v1-test-1052,2.552104949951172
boostcamp-sts-v1-test-1053,0.5366896390914917
boostcamp-sts-v1-test-1054,1.0814834833145142
boostcamp-sts-v1-test-1055,4.213934898376465
boostcamp-sts-v1-test-1056,4.553898811340332
boostcamp-sts-v1-test-1057,0.9287214279174805
boostcamp-sts-v1-test-1058,1.0207210779190063
boostcamp-sts-v1-test-1059,4.62123441696167
boostcamp-sts-v1-test-1060,5.094631195068359
boostcamp-sts-v1-test-1061,2.192003011703491
boostcamp-sts-v1-test-1062,5.329235553741455
boostcamp-sts-v1-test-1063,3.940528154373169
boostcamp-sts-v1-test-1064,1.0168044567108154
boostcamp-sts-v1-test-1065,1.3371635675430298
boostcamp-sts-v1-test-1066,2.1330554485321045
boostcamp-sts-v1-test-1067,4.21331262588501
boostcamp-sts-v1-test-1068,4.130236625671387
boostcamp-sts-v1-test-1069,2.6227123737335205
boostcamp-sts-v1-test-1070,4.257509231567383
boostcamp-sts-v1-test-1071,0.44149723649024963
boostcamp-sts-v1-test-1072,5.328033924102783
boostcamp-sts-v1-test-1073,1.4143702983856201
boostcamp-sts-v1-test-1074,3.8789236545562744
boostcamp-sts-v1-test-1075,2.511465549468994
boostcamp-sts-v1-test-1076,3.6337759494781494
boostcamp-sts-v1-test-1077,-0.043682392686605453
boostcamp-sts-v1-test-1078,4.106903553009033
boostcamp-sts-v1-test-1079,3.1932194232940674
boostcamp-sts-v1-test-1080,4.246469497680664
boostcamp-sts-v1-test-1081,3.672055959701538
boostcamp-sts-v1-test-1082,2.5039966106414795
boostcamp-sts-v1-test-1083,1.9271761178970337
boostcamp-sts-v1-test-1084,1.1958098411560059
boostcamp-sts-v1-test-1085,2.5938618183135986
boostcamp-sts-v1-test-1086,1.716027855873108
boostcamp-sts-v1-test-1087,3.8433847427368164
boostcamp-sts-v1-test-1088,3.5607755184173584
boostcamp-sts-v1-test-1089,1.3030056953430176
boostcamp-sts-v1-test-1090,0.02972276322543621
boostcamp-sts-v1-test-1091,4.760900497436523
boostcamp-sts-v1-test-1092,2.1755425930023193
boostcamp-sts-v1-test-1093,4.431825160980225
boostcamp-sts-v1-test-1094,4.881662368774414
boostcamp-sts-v1-test-1095,1.6480300426483154
boostcamp-sts-v1-test-1096,4.56425142288208
boostcamp-sts-v1-test-1097,3.8566343784332275
boostcamp-sts-v1-test-1098,3.8883018493652344
boostcamp-sts-v1-test-1099,5.00406551361084
